id,priority,status,strategy,version,hypothesis,next_action,pass_gate,notes
1,1,TODO,THAOFORAX,current,"Current THAOFORAX logic may contain a raw XAUUSD edge that can be isolated and improved","Inspect source; document entry/exit/risk/session/regime; compile; run baseline real-tick test","PF>1.15 to continue; preferred PF>=1.30 and DD<=15%","Do not optimize before baseline"
2,2,TODO,THAOFORAX,current,"One or more logic modules may be hurting expectancy","Run ablation on major entry/exit/filter modules","Keep only modules improving expectancy/robustness OOS","Record each ablation result"
3,3,TODO,THAOFORAX,current,"Risk/exit design may drive drawdown more than entry quality","Analyze MAE/MFE, loss streaks, holding time, stop/TP behavior","Reduce DD without destroying PF","Keep entry fixed during exit study"
4,4,TODO,THAOFORAX,current,"Session/regime conditioning may improve robustness","Compare no filter vs relevant sessions/regimes","Improvement must persist OOS","Verify timezone first"
5,5,TODO,RepositoryResearch,v1,"If THAOFORAX queue is exhausted, public MQL5/XAUUSD source may provide new hypotheses","Research only 3-5 high-quality source-available ideas","Readable source, testable, non-duplicate","Do not import random EAs"
6,6,TODO,GH-ZoneRejection,v0,"H-GH1: after trend established, first rejection from prior S/R zone on XAUUSD has positive expectancy (source 001B: +0.095R IS, n=97)","Reimplement independently; test on real ticks with Exness spread; need n>=300","Expectancy>0 with CI excluding 0; PF>1.15 OOS","Source methodology good but under-sampled"
7,7,TODO,GH-PullbackWindow,v0,"H-GH2: M5 trend-cross followed by 1-3 bar pullback then breakout of pullback range captures continuation","Reimplement; split IS/OOS; spread +50% stress","PF>1.15 OOS after costs","Source has no OOS / cost detail"
8,8,TODO,GH-PDHPDLSweep,v0,"H-GH3: sweep of PDL (bull bias) / PDH (bear bias) followed by reclaim mean-reverts intraday","Reimplement with hard SL beyond sweep extreme + real costs","PF>1.15 with fixed SL; reject if edge depends on no-stop EOD exit","Source 71% WR has no costs and no SL"
9,3,TODO,Tooling,v0,"Headless MT5 compile/backtest via MCP (mt5-quant on Wine or mcp-mt5 on Windows) enables autonomous research loop","Pilot one baseline THAOFORAX run; compare vs manual tester report","Identical metrics to manual run","Unblocks RESEARCH_STATE blocker"
10,2,IMPLEMENTED_NOT_COMPILED,LadderGrid,v0.10,"H-GRID1: after >N ATR stretch from EMA(M5) gold partially reverts; multi-level grid + TP ladder + hard basket stop harvests it with bounded loss","Compile XAU_LadderGrid.mq5; export full-day ticks; run tools/ladder_grid_sim.py; Real Ticks baseline; ablation (direction, ladder vs 1 order, levels, no-stretch)","PF>1.15 after costs; not >50% of profit from <=2 days; OOS PF>1.10; MaxDD<=15% at 2% basket risk","Grid = high-risk subject: hard caps mandatory. Origin: black-box behaviour only, no copied code"
